{
    "train": {
        "accuracy": 9.742722142467617,
        "loss": 0.25202467012770613
    },
    "val": {
        "accuracy": 9.084507302866019,
        "loss": 0.33117199958656296
    },
    "step": 9
}
