step	accuracy
0	0.842565538714358
1	1.750282232647392
2	2.442356292917175
3	3.6569651543674073
4	4.43663003928203
5	5.087530373501921
6	6.527980400540072
7	7.222342700037548
8	8.376980765145994
9	9.742722142467617
