step	loss
0	9.338554913339264
1	8.973101382153756
2	7.919290207245323
3	6.0790051800558755
4	5.588778317016427
5	4.27217556937543
6	3.7719544711071755
7	2.0878889535478935
8	1.6063123033714586
9	0.25202467012770613
